<?xml version="1.0" encoding="UTF-8"?>
<metadata xml:lang="en"><Esri><CreaDate>20231218</CreaDate><CreaTime>07554000</CreaTime><ArcGISFormat>1.0</ArcGISFormat><SyncOnce>TRUE</SyncOnce><DataProperties><itemProps><itemLocation><linkage Sync="TRUE">file://\\MD-AL-AMIN\C$\Users\USER\Desktop\GIS YOUTUBE TUTORIALS\Geodatabase Design\Dhaka_geo.tif</linkage><protocol Sync="TRUE">Local Area Network</protocol></itemLocation></itemProps><copyHistory><copy source="C:\Users\USER\Desktop\GIS YOUTUBE TUTORIALS\DIGITIZATION\Dhaka_geo.tif" dest="\\MD-AL-AMIN\C$\Users\USER\Desktop\GIS YOUTUBE TUTORIALS\Geodatabase Design\Dhaka_geo.tif" date="20231218" time="07554000"></copy></copyHistory></DataProperties></Esri></metadata>
